guide_id,listing_id,board,pin_title,pin_description,destination_url,image_path
ch-01,4477712159,Burnout Recovery Printables,Hyperarousal: Still On Alert - When Your Brain Won't Stop Scanning for Danger,"Hyperarousal printable worksheet and conversation guide for stress. Instant download you can use today. Use this printable guide to start hard conversations with less panic and more clarity. Keywords: printable worksheet, conversation guide, instant download, hyperarousal.",https://www.etsy.com/listing/4477712159?utm_source=pinterest&utm_medium=organic&utm_campaign=etsy_growth_q2,output/etsy/listing-images/ch-01/image-1.png
ch-03,4477718612,Burnout Recovery Printables,On Guard in Your Own Home: Dealing With Hypervigilance,"Hypervigilance printable worksheet and conversation guide for home. Instant download you can use today. Use this printable guide to start hard conversations with less panic and more clarity. Keywords: printable worksheet, conversation guide, instant download, hypervigilance.",https://www.etsy.com/listing/4477718612?utm_source=pinterest&utm_medium=organic&utm_campaign=etsy_growth_q2,output/etsy/listing-images/ch-03/image-1.png
ch-04,4477712209,Burnout Recovery Printables,Anger and Short-Fuse Days,"Anger printable worksheet and conversation guide for irritability. Instant download you can use today. Use this printable guide to start hard conversations with less panic and more clarity. Keywords: printable worksheet, conversation guide, instant download, anger.",https://www.etsy.com/listing/4477712209?utm_source=pinterest&utm_medium=organic&utm_campaign=etsy_growth_q2,output/etsy/listing-images/ch-04/image-1.png
ch-06,4477718652,Burnout Recovery Printables,Depression and Numbness,"Depression printable worksheet and conversation guide for numbness. Instant download you can use today. Use this printable guide to start hard conversations with less panic and more clarity. Keywords: printable worksheet, conversation guide, instant download, depression.",https://www.etsy.com/listing/4477718652?utm_source=pinterest&utm_medium=organic&utm_campaign=etsy_growth_q2,output/etsy/listing-images/ch-06/image-1.png
ch-09,4477712245,Burnout Recovery Printables,Memory Slips and Brain Fog: When You Can't Remember Like You Used To,"Memory printable worksheet and conversation guide for focus. Instant download you can use today. Use this printable guide to start hard conversations with less panic and more clarity. Keywords: printable worksheet, conversation guide, instant download, memory.",https://www.etsy.com/listing/4477712245?utm_source=pinterest&utm_medium=organic&utm_campaign=etsy_growth_q2,output/etsy/listing-images/ch-09/image-1.png
ch-11,4477712265,Burnout Recovery Printables,Decision Fatigue,"Decision Fatigue printable worksheet and conversation guide for overwhelm. Instant download you can use today. Use this printable guide to start hard conversations with less panic and more clarity. Keywords: printable worksheet, conversation guide, instant download, decision fatigue.",https://www.etsy.com/listing/4477712265?utm_source=pinterest&utm_medium=organic&utm_campaign=etsy_growth_q2,output/etsy/listing-images/ch-11/image-1.png
ch-12,4477718740,Burnout Recovery Printables,Reactivity: Overreacting to Small Stuff,"Reactivity printable worksheet and conversation guide for irritability. Instant download you can use today. Use this printable guide to start hard conversations with less panic and more clarity. Keywords: printable worksheet, conversation guide, instant download, reactivity.",https://www.etsy.com/listing/4477718740?utm_source=pinterest&utm_medium=organic&utm_campaign=etsy_growth_q2,output/etsy/listing-images/ch-12/image-1.png
ch-41,4477712707,Burnout Recovery Printables,Between Worlds: Identity After Role,"Identity printable worksheet and conversation guide for transition. Instant download you can use today. Use this printable guide to start hard conversations with less panic and more clarity. Keywords: printable worksheet, conversation guide, instant download, identity.",https://www.etsy.com/listing/4477712707?utm_source=pinterest&utm_medium=organic&utm_campaign=etsy_growth_q2,output/etsy/listing-images/ch-41/image-1.png
ch-42,4477712735,Burnout Recovery Printables,Rebuilding Mission and Meaning,"Mission printable worksheet and conversation guide for meaning. Instant download you can use today. Use this printable guide to start hard conversations with less panic and more clarity. Keywords: printable worksheet, conversation guide, instant download, mission.",https://www.etsy.com/listing/4477712735?utm_source=pinterest&utm_medium=organic&utm_campaign=etsy_growth_q2,output/etsy/listing-images/ch-42/image-1.png
ch-45,4477712761,Burnout Recovery Printables,Loneliness and Loss of Tribe,"Loneliness printable worksheet and conversation guide for belonging. Instant download you can use today. Use this printable guide to start hard conversations with less panic and more clarity. Keywords: printable worksheet, conversation guide, instant download, loneliness.",https://www.etsy.com/listing/4477712761?utm_source=pinterest&utm_medium=organic&utm_campaign=etsy_growth_q2,output/etsy/listing-images/ch-45/image-1.png
ch-46,4477719230,Burnout Recovery Printables,Team: Going It Alone Isn't Working - How to Accept Help Again,"Team printable worksheet and conversation guide for connection. Instant download you can use today. Use this printable guide to start hard conversations with less panic and more clarity. Keywords: printable worksheet, conversation guide, instant download, team.",https://www.etsy.com/listing/4477719230?utm_source=pinterest&utm_medium=organic&utm_campaign=etsy_growth_q2,output/etsy/listing-images/ch-46/image-1.png
new-02,4477719852,Burnout Recovery Printables,Self Care: Post-Incident Crash - The Day-After Recovery Guide,"Self Care printable worksheet and conversation guide for personal growth. Instant download you can use today. Use this printable guide to start hard conversations with less panic and more clarity. Keywords: printable worksheet, conversation guide, instant download, self care.",https://www.etsy.com/listing/4477719852?utm_source=pinterest&utm_medium=organic&utm_campaign=etsy_growth_q2,output/etsy/listing-images/new-02/image-1.png
new-05,4477719912,Burnout Recovery Printables,Self Care: Under Investigation or Complaint - How to Survive the Stress,"Self Care printable worksheet and conversation guide for personal growth. Instant download you can use today. Use this printable guide to start hard conversations with less panic and more clarity. Keywords: printable worksheet, conversation guide, instant download, self care.",https://www.etsy.com/listing/4477719912?utm_source=pinterest&utm_medium=organic&utm_campaign=etsy_growth_q2,output/etsy/listing-images/new-05/image-1.png
new-08,4477713503,Burnout Recovery Printables,Self Care: Returning to Work After Mental Health Leave,"Self Care printable worksheet and conversation guide for personal growth. Instant download you can use today. Use this printable guide to start hard conversations with less panic and more clarity. Keywords: printable worksheet, conversation guide, instant download, self care.",https://www.etsy.com/listing/4477713503?utm_source=pinterest&utm_medium=organic&utm_campaign=etsy_growth_q2,output/etsy/listing-images/new-08/image-1.png
new-10,4477713539,Burnout Recovery Printables,Self Care: How To Ask for Help Without Feeling Weak,"Self Care printable worksheet and conversation guide for personal growth. Instant download you can use today. Use this printable guide to start hard conversations with less panic and more clarity. Keywords: printable worksheet, conversation guide, instant download, self care.",https://www.etsy.com/listing/4477713539?utm_source=pinterest&utm_medium=organic&utm_campaign=etsy_growth_q2,output/etsy/listing-images/new-10/image-1.png
new-18,4477713687,Burnout Recovery Printables,Self Care: The First Year Out - Transition Guide for Newly Separated or Retired,"Self Care printable worksheet and conversation guide for personal growth. Instant download you can use today. Use this printable guide to start hard conversations with less panic and more clarity. Keywords: printable worksheet, conversation guide, instant download, self care.",https://www.etsy.com/listing/4477713687?utm_source=pinterest&utm_medium=organic&utm_campaign=etsy_growth_q2,output/etsy/listing-images/new-18/image-1.png
split-01,4477712801,Burnout Recovery Printables,Anger: After the Blowup - How to Repair When You've Lost Your Temper,"Anger printable worksheet and conversation guide for shutdown. Instant download you can use today. Use this printable guide to start hard conversations with less panic and more clarity. Keywords: printable worksheet, conversation guide, instant download, anger.",https://www.etsy.com/listing/4477712801?utm_source=pinterest&utm_medium=organic&utm_campaign=etsy_growth_q2,output/etsy/listing-images/split-01/image-1.png
split-03,4477719268,Burnout Recovery Printables,Anxiety: Stuck in Your Head - Breaking the Overthinking Loop,"Anxiety printable worksheet and conversation guide for rumination. Instant download you can use today. Use this printable guide to start hard conversations with less panic and more clarity. Keywords: printable worksheet, conversation guide, instant download, anxiety.",https://www.etsy.com/listing/4477719268?utm_source=pinterest&utm_medium=organic&utm_campaign=etsy_growth_q2,output/etsy/listing-images/split-03/image-1.png
split-07,4477712931,Burnout Recovery Printables,Attention: Stuck in Worst-Case Thinking - How to Break Tunnel Vision,"Attention printable worksheet and conversation guide for focus. Instant download you can use today. Use this printable guide to start hard conversations with less panic and more clarity. Keywords: printable worksheet, conversation guide, instant download, attention.",https://www.etsy.com/listing/4477712931?utm_source=pinterest&utm_medium=organic&utm_campaign=etsy_growth_q2,output/etsy/listing-images/split-07/image-1.png
split-08,4477719392,Burnout Recovery Printables,Attention: Can't Focus or Think Straight - How to Reset a Scattered Brain,"Attention printable worksheet and conversation guide for focus. Instant download you can use today. Use this printable guide to start hard conversations with less panic and more clarity. Keywords: printable worksheet, conversation guide, instant download, attention.",https://www.etsy.com/listing/4477719392?utm_source=pinterest&utm_medium=organic&utm_campaign=etsy_growth_q2,output/etsy/listing-images/split-08/image-1.png
split-18,4477719572,Burnout Recovery Printables,Secondary Trauma for Teams,"Secondary Trauma printable worksheet and conversation guide for partners. Instant download you can use today. Use this printable guide to start hard conversations with less panic and more clarity. Keywords: printable worksheet, conversation guide, instant download, secondary trauma.",https://www.etsy.com/listing/4477719572?utm_source=pinterest&utm_medium=organic&utm_campaign=etsy_growth_q2,output/etsy/listing-images/split-18/image-1.png
split-23,4477719692,Burnout Recovery Printables,Work Stress: When the Job Was Who You Were - Life After Work Identity Loss,"Work Stress printable worksheet and conversation guide for purpose. Instant download you can use today. Use this printable guide to start hard conversations with less panic and more clarity. Keywords: printable worksheet, conversation guide, instant download, work stress.",https://www.etsy.com/listing/4477719692?utm_source=pinterest&utm_medium=organic&utm_campaign=etsy_growth_q2,output/etsy/listing-images/split-23/image-1.png
split-24,4477719714,Burnout Recovery Printables,Work Stress: Completely Overwhelmed - How to Stabilize When Everything's Too Much,"Work Stress printable worksheet and conversation guide for purpose. Instant download you can use today. Use this printable guide to start hard conversations with less panic and more clarity. Keywords: printable worksheet, conversation guide, instant download, work stress.",https://www.etsy.com/listing/4477719714?utm_source=pinterest&utm_medium=organic&utm_campaign=etsy_growth_q2,output/etsy/listing-images/split-24/image-1.png
split-25,4477713323,Burnout Recovery Printables,Avoiding Your Finances: How to Break the Money Avoidance Cycle,"Money printable worksheet and conversation guide for avoidance. Instant download you can use today. Use this printable guide to start hard conversations with less panic and more clarity. Keywords: printable worksheet, conversation guide, instant download, money.",https://www.etsy.com/listing/4477713323?utm_source=pinterest&utm_medium=organic&utm_campaign=etsy_growth_q2,output/etsy/listing-images/split-25/image-1.png
new-11,4477720048,Crisis Conversation Support,Self Care: Building a Personal Safety Network,"Self Care printable worksheet and conversation guide for personal growth. Instant download you can use today. Use this printable guide to start hard conversations with less panic and more clarity. Keywords: printable worksheet, conversation guide, instant download, self care.",https://www.etsy.com/listing/4477720048?utm_source=pinterest&utm_medium=organic&utm_campaign=etsy_growth_q2,output/etsy/listing-images/new-11/image-1.png
new-12,4477713589,Crisis Conversation Support,Self Care: What To Do When Someone Refuses Help,"Self Care printable worksheet and conversation guide for personal growth. Instant download you can use today. Use this printable guide to start hard conversations with less panic and more clarity. Keywords: printable worksheet, conversation guide, instant download, self care.",https://www.etsy.com/listing/4477713589?utm_source=pinterest&utm_medium=organic&utm_campaign=etsy_growth_q2,output/etsy/listing-images/new-12/image-1.png
split-05,4477712887,Crisis Conversation Support,Suicidal Thoughts: When It Feels Hopeless - First Aid for Your Darkest Days,"Suicidal Thoughts printable worksheet and conversation guide for hopelessness. Instant download you can use today. Use this printable guide to start hard conversations with less panic and more clarity. Keywords: printable worksheet, conversation guide, instant download, suicidal thoughts.",https://www.etsy.com/listing/4477712887?utm_source=pinterest&utm_medium=organic&utm_campaign=etsy_growth_q2,output/etsy/listing-images/split-05/image-1.png
split-06,4477719340,Crisis Conversation Support,Suicidal Thoughts: How to Talk to Someone in Crisis - Scripts and Action Steps,"Suicidal Thoughts printable worksheet and conversation guide for hopelessness. Instant download you can use today. Use this printable guide to start hard conversations with less panic and more clarity. Keywords: printable worksheet, conversation guide, instant download, suicidal thoughts.",https://www.etsy.com/listing/4477719340?utm_source=pinterest&utm_medium=organic&utm_campaign=etsy_growth_q2,output/etsy/listing-images/split-06/image-1.png
ch-08,4477712239,Mental Health Conversation Guides,Shame Spirals + Self-Loathing,"Shame printable worksheet and conversation guide for self criticism. Instant download you can use today. Use this printable guide to start hard conversations with less panic and more clarity. Keywords: printable worksheet, conversation guide, instant download, shame.",https://www.etsy.com/listing/4477712239?utm_source=pinterest&utm_medium=organic&utm_campaign=etsy_growth_q2,output/etsy/listing-images/ch-08/image-1.png
ch-36,4477719090,Mental Health Conversation Guides,Moral Injury: When You Can't Forgive What You Did or Saw,"Moral Injury printable worksheet and conversation guide for guilt. Instant download you can use today. Use this printable guide to start hard conversations with less panic and more clarity. Keywords: printable worksheet, conversation guide, instant download, moral injury.",https://www.etsy.com/listing/4477719090?utm_source=pinterest&utm_medium=organic&utm_campaign=etsy_growth_q2,output/etsy/listing-images/ch-36/image-1.png
ch-37,4477719112,Mental Health Conversation Guides,Betrayal: Betrayed by the System,"Betrayal printable worksheet and conversation guide for system. Instant download you can use today. Use this printable guide to start hard conversations with less panic and more clarity. Keywords: printable worksheet, conversation guide, instant download, betrayal.",https://www.etsy.com/listing/4477719112?utm_source=pinterest&utm_medium=organic&utm_campaign=etsy_growth_q2,output/etsy/listing-images/ch-37/image-1.png
ch-38,4477719134,Mental Health Conversation Guides,Self Blame: When You Feel Like the Villain,"Self Blame printable worksheet and conversation guide for shame. Instant download you can use today. Use this printable guide to start hard conversations with less panic and more clarity. Keywords: printable worksheet, conversation guide, instant download, self blame.",https://www.etsy.com/listing/4477719134?utm_source=pinterest&utm_medium=organic&utm_campaign=etsy_growth_q2,output/etsy/listing-images/ch-38/image-1.png
ch-39,4477719154,Mental Health Conversation Guides,Wrestling With Faith After Trauma: Having the Big Conversations,"Faith printable worksheet and conversation guide for meaning. Instant download you can use today. Use this printable guide to start hard conversations with less panic and more clarity. Keywords: printable worksheet, conversation guide, instant download, faith.",https://www.etsy.com/listing/4477719154?utm_source=pinterest&utm_medium=organic&utm_campaign=etsy_growth_q2,output/etsy/listing-images/ch-39/image-1.png
new-01,4477713371,Mental Health Conversation Guides,Self Care: Panic Attacks in Public - What To Do in 90 Seconds,"Self Care printable worksheet and conversation guide for personal growth. Instant download you can use today. Use this printable guide to start hard conversations with less panic and more clarity. Keywords: printable worksheet, conversation guide, instant download, self care.",https://www.etsy.com/listing/4477713371?utm_source=pinterest&utm_medium=organic&utm_campaign=etsy_growth_q2,output/etsy/listing-images/new-01/image-1.png
new-03,4477719858,Mental Health Conversation Guides,Self Care: Grief After Suicide Loss,"Self Care printable worksheet and conversation guide for personal growth. Instant download you can use today. Use this printable guide to start hard conversations with less panic and more clarity. Keywords: printable worksheet, conversation guide, instant download, self care.",https://www.etsy.com/listing/4477719858?utm_source=pinterest&utm_medium=organic&utm_campaign=etsy_growth_q2,output/etsy/listing-images/new-03/image-1.png
new-04,4477719886,Mental Health Conversation Guides,Self Care: Survivor Guilt After Traumatic Calls and Incidents,"Self Care printable worksheet and conversation guide for personal growth. Instant download you can use today. Use this printable guide to start hard conversations with less panic and more clarity. Keywords: printable worksheet, conversation guide, instant download, self care.",https://www.etsy.com/listing/4477719886?utm_source=pinterest&utm_medium=organic&utm_campaign=etsy_growth_q2,output/etsy/listing-images/new-04/image-1.png
new-13,4477720102,Mental Health Conversation Guides,Self Care: Digital Overload and Doom-Scroll Recovery,"Self Care printable worksheet and conversation guide for personal growth. Instant download you can use today. Use this printable guide to start hard conversations with less panic and more clarity. Keywords: printable worksheet, conversation guide, instant download, self care.",https://www.etsy.com/listing/4477720102?utm_source=pinterest&utm_medium=organic&utm_campaign=etsy_growth_q2,output/etsy/listing-images/new-13/image-1.png
new-15,4477720136,Mental Health Conversation Guides,Self Care: Stress Eating and Skipping Meals - How to Reset,"Self Care printable worksheet and conversation guide for personal growth. Instant download you can use today. Use this printable guide to start hard conversations with less panic and more clarity. Keywords: printable worksheet, conversation guide, instant download, self care.",https://www.etsy.com/listing/4477720136?utm_source=pinterest&utm_medium=organic&utm_campaign=etsy_growth_q2,output/etsy/listing-images/new-15/image-1.png
split-27,4477719762,Mental Health Conversation Guides,Dopamine: Can't Stop Scrolling - How to Break the Doom-Scroll Loop,"Dopamine printable worksheet and conversation guide for habits. Instant download you can use today. Use this printable guide to start hard conversations with less panic and more clarity. Keywords: printable worksheet, conversation guide, instant download, dopamine.",https://www.etsy.com/listing/4477719762?utm_source=pinterest&utm_medium=organic&utm_campaign=etsy_growth_q2,output/etsy/listing-images/split-27/image-1.png
split-28,4477719786,Mental Health Conversation Guides,Dopamine: Can't Stop - How to Interrupt Compulsive Behaviors,"Dopamine printable worksheet and conversation guide for habits. Instant download you can use today. Use this printable guide to start hard conversations with less panic and more clarity. Keywords: printable worksheet, conversation guide, instant download, dopamine.",https://www.etsy.com/listing/4477719786?utm_source=pinterest&utm_medium=organic&utm_campaign=etsy_growth_q2,output/etsy/listing-images/split-28/image-1.png
ch-21,4477718820,Relationship Communication Tools,Relationships: Home Feels Like a Minefield,"Relationships printable worksheet and conversation guide for family. Instant download you can use today. Use this printable guide to start hard conversations with less panic and more clarity. Keywords: printable worksheet, conversation guide, instant download, relationships.",https://www.etsy.com/listing/4477718820?utm_source=pinterest&utm_medium=organic&utm_campaign=etsy_growth_q2,output/etsy/listing-images/ch-21/image-1.png
ch-22,4477718834,Relationship Communication Tools,"A Stress Communication System for Couples: Red, Yellow, Green","Communication printable worksheet and conversation guide for deescalation. Instant download you can use today. Use this printable guide to start hard conversations with less panic and more clarity. Keywords: printable worksheet, conversation guide, instant download, communication.",https://www.etsy.com/listing/4477718834?utm_source=pinterest&utm_medium=organic&utm_campaign=etsy_growth_q2,output/etsy/listing-images/ch-22/image-1.png
ch-23,4477718856,Relationship Communication Tools,After You Said or Did Something Harmful: How to Repair,"Repair printable worksheet and conversation guide for apology. Instant download you can use today. Use this printable guide to start hard conversations with less panic and more clarity. Keywords: printable worksheet, conversation guide, instant download, repair.",https://www.etsy.com/listing/4477718856?utm_source=pinterest&utm_medium=organic&utm_campaign=etsy_growth_q2,output/etsy/listing-images/ch-23/image-1.png
ch-24,4477718872,Relationship Communication Tools,Parenting on Empty,"Parenting printable worksheet and conversation guide for fatigue. Instant download you can use today. Use this printable guide to start hard conversations with less panic and more clarity. Keywords: printable worksheet, conversation guide, instant download, parenting.",https://www.etsy.com/listing/4477718872?utm_source=pinterest&utm_medium=organic&utm_campaign=etsy_growth_q2,output/etsy/listing-images/ch-24/image-1.png
ch-26,4477718894,Relationship Communication Tools,Children: Kids in the Blast Radius,"Children printable worksheet and conversation guide for family impact. Instant download you can use today. Use this printable guide to start hard conversations with less panic and more clarity. Keywords: printable worksheet, conversation guide, instant download, children.",https://www.etsy.com/listing/4477718894?utm_source=pinterest&utm_medium=organic&utm_campaign=etsy_growth_q2,output/etsy/listing-images/ch-26/image-1.png
ch-27,4477712475,Relationship Communication Tools,When Family Life Is Falling Apart: Surviving Transitions Together,"Transition printable worksheet and conversation guide for family. Instant download you can use today. Use this printable guide to start hard conversations with less panic and more clarity. Keywords: printable worksheet, conversation guide, instant download, transition.",https://www.etsy.com/listing/4477712475?utm_source=pinterest&utm_medium=organic&utm_campaign=etsy_growth_q2,output/etsy/listing-images/ch-27/image-1.png
ch-28,4477718936,Relationship Communication Tools,Emotional Numbness,"Numbness printable worksheet and conversation guide for connection. Instant download you can use today. Use this printable guide to start hard conversations with less panic and more clarity. Keywords: printable worksheet, conversation guide, instant download, numbness.",https://www.etsy.com/listing/4477718936?utm_source=pinterest&utm_medium=organic&utm_campaign=etsy_growth_q2,output/etsy/listing-images/ch-28/image-1.png
ch-29,4477712517,Relationship Communication Tools,Low Desire and Low Drive,"Desire printable worksheet and conversation guide for energy. Instant download you can use today. Use this printable guide to start hard conversations with less panic and more clarity. Keywords: printable worksheet, conversation guide, instant download, desire.",https://www.etsy.com/listing/4477712517?utm_source=pinterest&utm_medium=organic&utm_campaign=etsy_growth_q2,output/etsy/listing-images/ch-29/image-1.png
ch-30,4477712541,Relationship Communication Tools,Stress Shuts Down Sex,"Stress printable worksheet and conversation guide for sex. Instant download you can use today. Use this printable guide to start hard conversations with less panic and more clarity. Keywords: printable worksheet, conversation guide, instant download, stress.",https://www.etsy.com/listing/4477712541?utm_source=pinterest&utm_medium=organic&utm_campaign=etsy_growth_q2,output/etsy/listing-images/ch-30/image-1.png
ch-31,4477719002,Relationship Communication Tools,Sex and Avoidance After Difficult Experiences,"Avoidance printable worksheet and conversation guide for trauma. Instant download you can use today. Use this printable guide to start hard conversations with less panic and more clarity. Keywords: printable worksheet, conversation guide, instant download, avoidance.",https://www.etsy.com/listing/4477719002?utm_source=pinterest&utm_medium=organic&utm_campaign=etsy_growth_q2,output/etsy/listing-images/ch-31/image-1.png
ch-33,4477712589,Relationship Communication Tools,Too Much Pressure Around Touch: How to Talk About It,"Touch printable worksheet and conversation guide for safety. Instant download you can use today. Use this printable guide to start hard conversations with less panic and more clarity. Keywords: printable worksheet, conversation guide, instant download, touch.",https://www.etsy.com/listing/4477712589?utm_source=pinterest&utm_medium=organic&utm_campaign=etsy_growth_q2,output/etsy/listing-images/ch-33/image-1.png
ch-34,4477712617,Relationship Communication Tools,"Body Image, Scars, Sexual Confidence","Body Image printable worksheet and conversation guide for confidence. Instant download you can use today. Use this printable guide to start hard conversations with less panic and more clarity. Keywords: printable worksheet, conversation guide, instant download, body image.",https://www.etsy.com/listing/4477712617?utm_source=pinterest&utm_medium=organic&utm_campaign=etsy_growth_q2,output/etsy/listing-images/ch-34/image-1.png
ch-35,4477719078,Relationship Communication Tools,Sex After Injury/Health Change,"Injury printable worksheet and conversation guide for health change. Instant download you can use today. Use this printable guide to start hard conversations with less panic and more clarity. Keywords: printable worksheet, conversation guide, instant download, injury.",https://www.etsy.com/listing/4477719078?utm_source=pinterest&utm_medium=organic&utm_campaign=etsy_growth_q2,output/etsy/listing-images/ch-35/image-1.png
new-06,4477719934,Relationship Communication Tools,Self Care: Shift-Work Relationship Survival Plan,"Self Care printable worksheet and conversation guide for personal growth. Instant download you can use today. Use this printable guide to start hard conversations with less panic and more clarity. Keywords: printable worksheet, conversation guide, instant download, self care.",https://www.etsy.com/listing/4477719934?utm_source=pinterest&utm_medium=organic&utm_campaign=etsy_growth_q2,output/etsy/listing-images/new-06/image-1.png
new-07,4477713487,Relationship Communication Tools,Self Care: Co-Parenting Under Burnout and Conflict,"Self Care printable worksheet and conversation guide for personal growth. Instant download you can use today. Use this printable guide to start hard conversations with less panic and more clarity. Keywords: printable worksheet, conversation guide, instant download, self care.",https://www.etsy.com/listing/4477713487?utm_source=pinterest&utm_medium=organic&utm_campaign=etsy_growth_q2,output/etsy/listing-images/new-07/image-1.png
new-09,4477720004,Relationship Communication Tools,Self Care: Peer-Support Conversations for Teammates,"Self Care printable worksheet and conversation guide for personal growth. Instant download you can use today. Use this printable guide to start hard conversations with less panic and more clarity. Keywords: printable worksheet, conversation guide, instant download, self care.",https://www.etsy.com/listing/4477720004?utm_source=pinterest&utm_medium=organic&utm_campaign=etsy_growth_q2,output/etsy/listing-images/new-09/image-1.png
new-16,4477713647,Relationship Communication Tools,Self Care: Boundaries With Family Who Do Not Understand the Job,"Self Care printable worksheet and conversation guide for personal growth. Instant download you can use today. Use this printable guide to start hard conversations with less panic and more clarity. Keywords: printable worksheet, conversation guide, instant download, self care.",https://www.etsy.com/listing/4477713647?utm_source=pinterest&utm_medium=organic&utm_campaign=etsy_growth_q2,output/etsy/listing-images/new-16/image-1.png
new-17,4477720168,Relationship Communication Tools,Self Care: Dating While Carrying Trauma and Hypervigilance,"Self Care printable worksheet and conversation guide for personal growth. Instant download you can use today. Use this printable guide to start hard conversations with less panic and more clarity. Keywords: printable worksheet, conversation guide, instant download, self care.",https://www.etsy.com/listing/4477720168?utm_source=pinterest&utm_medium=organic&utm_campaign=etsy_growth_q2,output/etsy/listing-images/new-17/image-1.png
split-02,4477712829,Relationship Communication Tools,Anger: When You Go Cold and Shut Down - How to Reconnect,"Anger printable worksheet and conversation guide for shutdown. Instant download you can use today. Use this printable guide to start hard conversations with less panic and more clarity. Keywords: printable worksheet, conversation guide, instant download, anger.",https://www.etsy.com/listing/4477712829?utm_source=pinterest&utm_medium=organic&utm_campaign=etsy_growth_q2,output/etsy/listing-images/split-02/image-1.png
split-17,4477719552,Relationship Communication Tools,Secondary Trauma for Partners,"Secondary Trauma printable worksheet and conversation guide for partners. Instant download you can use today. Use this printable guide to start hard conversations with less panic and more clarity. Keywords: printable worksheet, conversation guide, instant download, secondary trauma.",https://www.etsy.com/listing/4477719552?utm_source=pinterest&utm_medium=organic&utm_campaign=etsy_growth_q2,output/etsy/listing-images/split-17/image-1.png
split-19,4477713183,Relationship Communication Tools,Coping: Breaking a Habit That's Hurting You - How to Reset,"Coping printable worksheet and conversation guide for porn. Instant download you can use today. Use this printable guide to start hard conversations with less panic and more clarity. Keywords: printable worksheet, conversation guide, instant download, coping.",https://www.etsy.com/listing/4477713183?utm_source=pinterest&utm_medium=organic&utm_campaign=etsy_growth_q2,output/etsy/listing-images/split-19/image-1.png
split-20,4477713203,Relationship Communication Tools,Coping: Stuck in a Shame Spiral - How to Stop the Loop,"Coping printable worksheet and conversation guide for porn. Instant download you can use today. Use this printable guide to start hard conversations with less panic and more clarity. Keywords: printable worksheet, conversation guide, instant download, coping.",https://www.etsy.com/listing/4477713203?utm_source=pinterest&utm_medium=organic&utm_campaign=etsy_growth_q2,output/etsy/listing-images/split-20/image-1.png
split-21,4477713227,Relationship Communication Tools,Moral Injury: When Shame Is Destroying Your Intimacy - How to Repair,"Moral Injury printable worksheet and conversation guide for intimacy. Instant download you can use today. Use this printable guide to start hard conversations with less panic and more clarity. Keywords: printable worksheet, conversation guide, instant download, moral injury.",https://www.etsy.com/listing/4477713227?utm_source=pinterest&utm_medium=organic&utm_campaign=etsy_growth_q2,output/etsy/listing-images/split-21/image-1.png
split-22,4477719662,Relationship Communication Tools,Moral Injury: After the Disclosure - Repairing Trust When Hard Truths Come Out,"Moral Injury printable worksheet and conversation guide for intimacy. Instant download you can use today. Use this printable guide to start hard conversations with less panic and more clarity. Keywords: printable worksheet, conversation guide, instant download, moral injury.",https://www.etsy.com/listing/4477719662?utm_source=pinterest&utm_medium=organic&utm_campaign=etsy_growth_q2,output/etsy/listing-images/split-22/image-1.png
split-26,4477719744,Relationship Communication Tools,Money: House Is a Disaster - How to Reset When the Chaos Is Winning,"Money printable worksheet and conversation guide for avoidance. Instant download you can use today. Use this printable guide to start hard conversations with less panic and more clarity. Keywords: printable worksheet, conversation guide, instant download, money.",https://www.etsy.com/listing/4477719744?utm_source=pinterest&utm_medium=organic&utm_campaign=etsy_growth_q2,output/etsy/listing-images/split-26/image-1.png
ch-13,4477712297,Sleep and Stress Reset,Chronic Sleep Debt,"Sleep printable worksheet and conversation guide for fatigue. Instant download you can use today. Use this printable guide to start hard conversations with less panic and more clarity. Keywords: printable worksheet, conversation guide, instant download, sleep.",https://www.etsy.com/listing/4477712297?utm_source=pinterest&utm_medium=organic&utm_campaign=etsy_growth_q2,output/etsy/listing-images/ch-13/image-1.png
ch-14,4477712315,Sleep and Stress Reset,Sleep Apnea and Snoring: What It's Doing to Your Mind,"Sleep printable worksheet and conversation guide for apnea. Instant download you can use today. Use this printable guide to start hard conversations with less panic and more clarity. Keywords: printable worksheet, conversation guide, instant download, sleep.",https://www.etsy.com/listing/4477712315?utm_source=pinterest&utm_medium=organic&utm_campaign=etsy_growth_q2,output/etsy/listing-images/ch-14/image-1.png
ch-19,4477712333,Sleep and Stress Reset,"Sensory: Overwhelmed by Noise, Crowds, and Public Places","Sensory printable worksheet and conversation guide for overload. Instant download you can use today. Use this printable guide to start hard conversations with less panic and more clarity. Keywords: printable worksheet, conversation guide, instant download, sensory.",https://www.etsy.com/listing/4477712333?utm_source=pinterest&utm_medium=organic&utm_campaign=etsy_growth_q2,output/etsy/listing-images/ch-19/image-1.png
ch-20,4477718808,Sleep and Stress Reset,Vision: Dizziness and Motion Sensitivity - What's Happening and What to Do,"Vision printable worksheet and conversation guide for balance. Instant download you can use today. Use this printable guide to start hard conversations with less panic and more clarity. Keywords: printable worksheet, conversation guide, instant download, vision.",https://www.etsy.com/listing/4477718808?utm_source=pinterest&utm_medium=organic&utm_campaign=etsy_growth_q2,output/etsy/listing-images/ch-20/image-1.png
new-14,4477713613,Sleep and Stress Reset,Self Care: The Caffeine and Sleep Trap - Breaking the Cycle on Shift Work,"Self Care printable worksheet and conversation guide for personal growth. Instant download you can use today. Use this printable guide to start hard conversations with less panic and more clarity. Keywords: printable worksheet, conversation guide, instant download, self care.",https://www.etsy.com/listing/4477713613?utm_source=pinterest&utm_medium=organic&utm_campaign=etsy_growth_q2,output/etsy/listing-images/new-14/image-1.png
split-04,4477719296,Sleep and Stress Reset,Lying Awake Spiraling: What to Do When Anxiety Takes Over at Night,"Anxiety printable worksheet and conversation guide for rumination. Instant download you can use today. Use this printable guide to start hard conversations with less panic and more clarity. Keywords: printable worksheet, conversation guide, instant download, anxiety.",https://www.etsy.com/listing/4477719296?utm_source=pinterest&utm_medium=organic&utm_campaign=etsy_growth_q2,output/etsy/listing-images/split-04/image-1.png
split-09,4477712981,Sleep and Stress Reset,Sleep: Waking Up From Nightmares - Getting Through the Rest of the Night,"Sleep printable worksheet and conversation guide for nightmares. Instant download you can use today. Use this printable guide to start hard conversations with less panic and more clarity. Keywords: printable worksheet, conversation guide, instant download, sleep.",https://www.etsy.com/listing/4477712981?utm_source=pinterest&utm_medium=organic&utm_campaign=etsy_growth_q2,output/etsy/listing-images/split-09/image-1.png
split-10,4477719424,Sleep and Stress Reset,Sleep: Waking Up at 3am Every Night - How to Break the Cycle,"Sleep printable worksheet and conversation guide for nightmares. Instant download you can use today. Use this printable guide to start hard conversations with less panic and more clarity. Keywords: printable worksheet, conversation guide, instant download, sleep.",https://www.etsy.com/listing/4477719424?utm_source=pinterest&utm_medium=organic&utm_campaign=etsy_growth_q2,output/etsy/listing-images/split-10/image-1.png
split-11,4477719448,Sleep and Stress Reset,When Chronic Pain Flares: How to Get Through the Day,"Pain printable worksheet and conversation guide for tension. Instant download you can use today. Use this printable guide to start hard conversations with less panic and more clarity. Keywords: printable worksheet, conversation guide, instant download, pain.",https://www.etsy.com/listing/4477719448?utm_source=pinterest&utm_medium=organic&utm_campaign=etsy_growth_q2,output/etsy/listing-images/split-11/image-1.png
split-12,4477719466,Sleep and Stress Reset,Pain: Body Locked Up With Tension - How to Actually Release It,"Pain printable worksheet and conversation guide for tension. Instant download you can use today. Use this printable guide to start hard conversations with less panic and more clarity. Keywords: printable worksheet, conversation guide, instant download, pain.",https://www.etsy.com/listing/4477719466?utm_source=pinterest&utm_medium=organic&utm_campaign=etsy_growth_q2,output/etsy/listing-images/split-12/image-1.png
split-13,4477713065,Sleep and Stress Reset,TBI and Brain Fog: How to Function on the Hard Days,"Tbi printable worksheet and conversation guide for headache. Instant download you can use today. Use this printable guide to start hard conversations with less panic and more clarity. Keywords: printable worksheet, conversation guide, instant download, tbi.",https://www.etsy.com/listing/4477713065?utm_source=pinterest&utm_medium=organic&utm_campaign=etsy_growth_q2,output/etsy/listing-images/split-13/image-1.png
split-14,4477713079,Sleep and Stress Reset,Tbi: Headaches That Won't Quit - How to Keep Functioning,"Tbi printable worksheet and conversation guide for headache. Instant download you can use today. Use this printable guide to start hard conversations with less panic and more clarity. Keywords: printable worksheet, conversation guide, instant download, tbi.",https://www.etsy.com/listing/4477713079?utm_source=pinterest&utm_medium=organic&utm_campaign=etsy_growth_q2,output/etsy/listing-images/split-14/image-1.png
split-15,4477713103,Sleep and Stress Reset,Substances: Drinking to Cope - How to Interrupt the Numbing Pattern,"Substances printable worksheet and conversation guide for numbing. Instant download you can use today. Use this printable guide to start hard conversations with less panic and more clarity. Keywords: printable worksheet, conversation guide, instant download, substances.",https://www.etsy.com/listing/4477713103?utm_source=pinterest&utm_medium=organic&utm_campaign=etsy_growth_q2,output/etsy/listing-images/split-15/image-1.png
split-16,4477713131,Sleep and Stress Reset,Substances: Relying on Medication to Cope - How to Interrupt the Cycle,"Substances printable worksheet and conversation guide for numbing. Instant download you can use today. Use this printable guide to start hard conversations with less panic and more clarity. Keywords: printable worksheet, conversation guide, instant download, substances.",https://www.etsy.com/listing/4477713131?utm_source=pinterest&utm_medium=organic&utm_campaign=etsy_growth_q2,output/etsy/listing-images/split-16/image-1.png
